site,maxdt,tomst_id
1,2021-07-06T08:00:00Z,94194324
10,2021-07-03T10:45:00Z,94194316
11,2021-07-02T10:00:00Z,94194294
12,2021-07-05T10:00:00Z,94194318
13,2020-07-16T13:45:00Z,94194329
14,2021-07-02T08:45:00Z,94194201
15,2021-07-03T08:30:00Z,94194315
16,2021-07-05T10:45:00Z,94194335
17,2021-07-07T11:00:00Z,94194295
18,2021-07-09T09:00:00Z,94194300
19,2020-07-16T13:15:00Z,94194328
2,2021-07-05T12:30:00Z,94194338
20,2021-07-03T09:00:00Z,94194312
21,2021-07-09T09:45:00Z,94194321
22,2021-07-06T07:00:00Z,94194327
23,2021-07-03T07:15:00Z,94194311
25,2021-07-05T07:30:00Z,94194210
26,2021-07-03T11:45:00Z,94194320
27,2021-07-04T11:15:00Z,94194203
28,2021-07-04T09:15:00Z,94194206
29,2021-07-02T07:00:00Z,94194202
3,2021-07-04T09:45:00Z,94194207
30,2021-07-03T10:00:00Z,94194314
31,2021-07-05T08:00:00Z,94194333
32,2021-07-09T12:45:00Z,94194323
33,2021-07-03T07:45:00Z,94194313
35,2021-07-06T08:45:00Z,94194421
36,2021-07-09T11:30:00Z,94194331
37,2021-07-07T08:15:00Z,94194292
38,2021-07-09T07:15:00Z,94194337
39,2020-07-17T09:00:00Z,94194299
4,2021-07-03T11:00:00Z,94194319
40,2021-07-04T10:30:00Z,94194205
41,2021-07-05T07:00:00Z,94190043
44,2021-07-07T09:00:00Z,94194293
45,2021-07-07T11:15:00Z,94194297
46,2021-07-04T07:15:00Z,94194209
47,2021-07-04T08:30:00Z,94194204
48,2021-07-09T10:45:00Z,94194332
5,2021-07-07T10:30:00Z,94194296
50,2021-07-05T09:30:00Z,94194334
51,2021-07-04T08:00:00Z,94194208
52,2021-07-05T13:30:00Z,94194340
53,2021-07-02T10:30:00Z,94194291
54,2021-07-05T13:00:00Z,94194339
55,2020-07-16T13:00:00Z,94194325
6,2021-07-07T23:45:00Z,94194322
7,2021-07-05T11:45:00Z,94194336
8,2021-07-07T13:30:00Z,94194298
